Actual,Predicted
130.09,131.82584804549697
186.99,153.45864062104206
184.04,194.44070612169082
125.61,169.62318348969617
109.78,110.77579332472484
100.02,101.38804718941279
99.75,99.97350721346803
90.32,104.60989975363051
86.85,95.67045454289877
88.34,91.66605923752064
91.55,94.45153805683194
99.42,98.63388158666157
109.92,106.54591999137438
89.55,106.46810281026515
46.02,69.54230564134812
8.44,23.022395399673755
0.0,-8.238719823598217
0.01,-4.085882658410441
0.01,0.3647633156638648
0.01,1.861758436869195
3.43,6.743630091292445
25.99,21.54342162274358
81.8,51.41236945616838
107.04,108.38213163407873
131.08,129.957265573577
209.97,149.37225729240157
186.51,202.01812704076275
126.85,157.98930038566323
113.63,99.38012236929903
103.57,94.72431950747881
97.15,93.49748958105428
92.08,92.09161157981954
88.06,87.1833338099047
88.3,84.04250934911084
87.67,85.23646404093438
90.0,87.65920209000642
104.69,91.35590450709516
86.14,94.59323601255014
15.0,61.09510693275419
0.0,-9.805448755959787
0.0,-16.397387153417526
0.0,-5.827056749084434
0.0,-4.154891187398491
0.0,-4.485425014626742
0.0,-0.5863442541872672
0.01,9.613878059884655
61.59,27.787960070669094
118.73,93.62949813130085
147.91,143.09187969921015
173.04,164.39436745267528
146.29,165.83751437319512
121.05,125.32656379579319
106.03,102.45664674527643
91.22,93.7439365202129
85.27,83.44600754958485
86.39,83.90656041887155
86.14,84.72354986732795
86.77,84.43141403646408
88.52,84.79666642883556
97.51,88.41433650849869
109.35,98.35788154819392
91.38,99.03736007858583
71.4,61.66179713687413
0.01,35.17650063356784
0.0,-20.465377911073006
0.0,-8.939070434572415
0.0,0.8406127554729892
0.0,0.23449365163448022
0.01,2.2552221276008737
40.0,9.997013973716221
91.72,62.41183514786824
113.53,120.79877583031268
130.53,138.38200978169613
153.6,148.93010947617753
149.83,154.59362863862006
121.27,139.50762418597944
101.98,111.86236534673931
98.81,96.72480731611067
94.21,97.37930857897331
88.75,98.62638515166032
86.19,93.13111157034591
85.46,91.71448192401473
86.37,91.83632611891717
91.79,94.26560196289071
92.44,99.11256841494217
94.47,91.60041352599745
88.36,79.75400912381933
26.0,55.21320286110138
0.0,0.6575289205128456
5.23,-13.136573682362751
0.0,2.4535925804716356
0.0,-0.009131444042608905
0.0,2.429262353931378
9.38,14.122134956798902
56.63,36.982556731512126
100.89,89.39997986770652
121.03,127.93463733916637
127.24,138.13417783477604
128.58,130.84088458258483
114.96,120.93473248402675
101.05,104.66545292687086
86.3,93.06321959541636
83.17,81.95864790155133
79.01,83.82167114347087
81.3,79.88428789505654
78.31,80.38377364639055
75.04,77.49990784971698
68.99,74.5648573485049
69.54,68.6170221026748
65.91,66.61070834158113
22.31,53.32213836067456
0.0,3.260328930265743
-1.0,-15.2055468999514
-0.01,-7.913802608432221
-0.1,-4.184911622500891
-0.98,-4.615881553854621
-0.6,-2.005935747454288
0.0,5.410573772841133
27.24,20.07814020305645
85.69,60.181729397818614
115.64,115.46133206192201
133.25,132.61088141193915
130.57,133.19187082527208
113.31,120.77968554895082
101.77,101.79797238373833
94.93,90.41721522773145
88.39,86.0925018338432
87.67,93.56648774431554
86.63,93.47830985793743
85.65,92.20541620386997
87.37,92.24067966546862
97.67,96.17327804086842
116.93,105.29438056080738
122.24,114.54306484334217
108.43,98.9364280854373
81.51,72.96085877207733
13.8,46.83231191878458
40.0,-3.395618037941631
40.0,30.122719327523455
23.36,34.748923623719875
39.69,19.97998299216495
70.84,42.25192248955574
83.47,82.82184146065788
110.84,107.60539805773827
165.6,136.78667989693096
225.31,182.44382224923376
204.66,216.6793251433728
138.01,178.01902332199535
108.99,115.92593825817659
99.49,100.06602946212516
89.92,101.65202499601253
85.27,100.92186687219696
87.59,96.44093327220523
88.12,98.31869218737558
90.46,98.05976008683501
99.6,102.29768273767738
121.85,112.69834589972548
139.21,124.25543289744552
65.06,120.8269705039425
26.0,42.55464669127997
12.78,5.081892358526062
15.33,11.548068891104734
22.09,20.136677236032654
44.89,25.52345848957323
71.59,47.074051489811694
77.11,76.37303608203645
96.36,88.32715886305051
115.89,116.37689948901196
166.95,143.54414629178234
286.05,192.09545685896813
242.78,270.8871254046072
130.38,201.90842043223114
110.89,97.07974782035538
108.08,98.18924139527881
102.94,108.94853153496851
84.06,109.40509504829528
80.84,91.98720577120064
75.39,90.45561299041374
79.33,88.55045885371392
95.98,95.66123736087337
117.01,112.56253818822177
117.8,123.65229946320514
88.09,98.06494072451929
77.41,55.38664901269391
16.0,43.617990913513204
8.23,0.7071877433772187
6.2,6.146745846708313
6.12,16.536899093361072
10.05,24.304577235310504
53.89,35.624871042663244
91.62,83.80884403160111
144.95,122.20618050833441
172.76,167.65140535202804
198.5,199.64709575490113
171.04,198.66526346683168
149.98,149.37106288635636
129.0,127.850698936089
108.43,114.73131300036661
101.38,99.48875661149091
97.29,98.79840964450338
88.2,94.91110197624292
83.79,86.43734353608639
79.97,83.76208696464191
97.67,85.40804607391914
119.17,103.50529641503881
120.65,115.2260550986453
78.36,96.15485571427423
71.09,49.58943440939306
39.5,37.96870466634194
5.79,18.30593336439523
3.2,-4.168688419021706
3.22,2.47377974358497
32.1,10.598380021449344
65.18,45.66380501877205
94.15,84.6705606953599
126.54,119.43097623333497
178.63,146.8598348489611
292.09,188.68752472972687
241.63,259.396423002445
132.69,192.02270207790207
118.36,91.79791943697515
107.87,95.19072706085046
98.23,98.2473615232978
85.91,95.26324943948144
83.29,82.6930791526562
82.38,81.08665736940982
82.4,81.70957261872096
94.54,86.37233570096005
115.23,99.79734624647051
128.27,110.97368625593874
78.0,100.485009164978
0.0,44.33211741391368
0.0,-19.970895629599028
0.0,-8.720696740613931
0.0,1.0107302437512118
0.0,0.9167961652704975
0.01,5.692825505964066
72.66,17.4348767326356
96.76,92.3674744141989
129.17,119.64163572783191
167.37,146.9805450866345
192.79,189.3059877035286
166.17,188.42669339766437
139.98,142.2820660562873
146.01,118.43145083142817
111.7,126.79175109950373
102.67,98.34568654922825
102.96,94.82463291779695
102.81,98.02200445779475
102.1,97.59335980490357
101.2,96.13294089948863
102.03,97.42008648885641
96.25,99.87544346079888
91.71,92.666559959129
77.4,73.53601325067828
0.0,43.323043632459466
0.0,-21.555181074141956
0.0,-10.070220064641262
-0.02,0.560566535742069
-0.86,0.2521796677299619
-0.99,2.3132606701178844
-0.01,17.96962467437403
46.01,32.20366068750048
119.96,85.95702198731428
178.64,151.63496031373649
190.01,189.32272060762568
177.21,174.12215200172864
178.89,149.05053938403617
150.0,150.8329254927285
93.07,124.59589439438946
86.01,78.67834773822165
78.93,86.15945919137474
75.0,86.38984736567264
77.44,82.93708696973569
76.98,84.64416592052434
76.77,83.64507407982086
75.38,79.5345054865033
51.8,72.7023183637518
0.0,41.04403492131679
-0.1,-15.371853418172847
-4.0,-10.06304896755455
-5.0,-7.740045707557741
-5.0,-8.231158222741797
-5.0,-7.722768756446456
-5.0,-2.7633783686248705
-3.0,5.51280423110164
0.01,21.324311433404546
95.4,45.62491110232529
111.22,135.88892935509853
147.08,140.2294424605673
143.15,148.8615050892662
131.65,137.04012891056396
115.72,117.99547761246743
95.58,98.90774383461329
87.38,83.09936991837358
87.5,92.07153364525362
86.84,92.83481836475997
86.97,92.09795324139543
88.54,92.71352084892557
100.45,97.0648018741549
128.69,106.86259734768157
146.09,120.27884506546616
61.93,111.5449391303147
12.77,27.648326434587133
11.91,-9.959149924357945
13.62,6.518095523126306
15.08,15.359106228774849
40.0,16.598356889877735
55.0,39.510628965676645
81.38,56.58195092249227
103.2,84.97193990421565
136.03,121.65868465911265
220.44,152.97796408616853
367.9,225.10770168737827
311.98,322.63343988473355
148.52,243.56336313490866
150.89,97.61899811860597
136.13,124.26855368505159
108.3,130.28170960255957
104.39,111.91756980691153
103.18,111.60176957666638
102.54,112.3866055868132
102.5,113.19315613428152
110.44,117.59705852816066
182.87,127.83197386823151
216.17,183.50088124751593
88.23,176.26505488853712
58.73,42.227224210330576
20.02,25.557143988907086
13.63,13.314865900874253
12.78,17.32688284959815
16.0,25.68708757679265
55.0,34.44576924801788
78.83,76.48837100159741
108.3,105.75391074248145
153.3,137.27184630187762
243.63,185.45708078051933
392.05,273.51752261156287
241.83,360.34782659645464
151.0,183.49501149161367
137.83,110.0599720923881
129.25,127.80399846228997
100.11,129.5989940642807
96.14,110.69378949007881
94.18,109.2215801002421
94.55,110.16554681508232
93.78,111.19960722999505
102.19,114.48943590995299
130.4,130.7463273072019
210.33,150.81364730509608
100.95,182.37337215459846
57.01,66.77022725577562
67.0,23.97675574854489
41.0,49.07943393406612
51.69,33.17631791048932
56.42,44.553482574706905
56.68,57.342521347542515
93.77,67.45827023982307
115.27,113.2908462562236
145.01,145.0406279069987
184.21,180.12899521202576
272.86,226.92746924202567
174.25,261.78158827625316
134.85,150.34142812024447
117.19,116.63072735332102
99.29,116.62564922648212
87.8,103.93242327035031
84.94,101.40492452421583
83.89,99.36630730970488
82.82,98.58013069289923
91.81,97.22248065486833
131.64,108.78768605486371
152.93,143.8355794064899
163.01,160.12440060290052
118.63,135.4904261947904
107.74,82.82691085753494
78.29,76.97539589176581
78.83,56.35339262791206
84.33,64.84749802674558
80.89,74.22451275530557
76.63,75.13119144776653
101.16,84.80869832410023
153.29,119.15714028609975
167.12,172.1549255292502
215.9,185.12138000799752
232.83,232.88386969405852
164.2,217.6129911535374
148.64,141.52471975612002
147.93,131.37109075057504
129.1,136.8983324782777
96.92,119.54105165845797
89.46,97.91802926880469
84.28,95.18337412210047
83.42,94.12632152285171
86.02,95.73393838013484
138.17,105.70849265006851
166.36,150.79779168827412
165.87,162.74081847180258
121.91,136.35630252726165
94.51,84.682298562443
61.2,61.80517655905437
50.93,42.605118484531886
41.99,43.00322524481673
50.0,41.692285011281555
60.0,52.652743657092756
83.71,73.62715915649704
122.13,108.4350438205715
159.17,149.6671856565298
174.06,184.13463084117365
228.79,191.02449775870593
166.13,210.9039371386071
120.78,145.58420896055347
116.07,109.15094024843218
97.15,112.97450552505796
94.59,97.16150919156448
79.2,97.88237496845645
69.39,83.66743823182321
71.06,74.68852492485857
79.4,77.22948299230197
83.14,91.03301746207903
91.76,92.96471180985189
79.69,94.78335493889391
68.21,67.15649828407405
2.89,43.63533801813289
0.0,-12.600842534326716
0.01,-7.22276060013202
0.0,2.698771580303969
0.0,4.11488075098913
0.0,8.023701906200259
0.01,16.803626028395698
69.83,32.6759136427525
120.32,107.09245390126088
128.37,148.25245723350878
144.37,147.64015790864465
128.25,138.82594708366867
108.58,114.2014075199156
100.76,95.55556977560957
89.93,89.36463741844587
83.21,78.50716368875895
74.01,74.9744333085242
75.53,65.93651645127844
80.53,67.52195158396242
82.35,72.99343892106208
87.63,74.13172004010445
91.78,76.19274466261969
97.87,73.02938415119885
0.01,66.68684513872306
0.0,-26.437702479529705
-0.1,-16.61325268226159
0.0,-6.172304084713886
0.0,-7.146109990382797
0.0,-8.147314266612
-0.01,-4.573831071555006
0.0,1.770092863248962
20.0,22.966998341666425
94.62,60.71452593155522
126.16,127.33825947865878
159.56,147.17000693120286
126.55,152.25697038707312
91.49,112.17727336874101
78.16,80.70623420967397
63.9,74.61120824938199
75.97,66.11136493452865
46.7,89.0237426414236
51.95,63.49568781843615
49.29,67.82323844109979
52.21,68.71245221126159
85.33,73.79230799487284
142.22,101.89479058770272
155.18,140.480911936491
106.98,114.91725754204944
61.05,56.88043966544232
11.95,19.97935422315217
0.01,-7.740738909337466
0.01,-4.18568821036402
0.27,5.195521060929124
10.1,8.511668070114567
31.24,24.263695137845886
88.26,54.49529953645654
159.82,119.56285992233173
219.74,181.8861532075494
275.16,225.76789773826786
187.96,240.6353146532414
177.48,143.10581442253095
150.17,137.61719735093905
138.45,124.34671602436384
108.49,118.64476009272722
105.1,98.3807080626664
88.41,99.15000948529949
85.62,88.44231939303184
87.04,88.77480619406047
108.49,98.92718527777123
149.34,125.18524614286079
132.31,152.14972203201944
82.81,110.26375887590433
16.0,50.94152418478261
0.0,-7.392898849792573
0.01,-9.934315699544896
0.01,-0.16300365266035044
1.0,1.5502773450437388
45.0,7.034055533809791
70.0,52.93244222049357
116.02,88.17382521928185
181.48,139.8695233711255
221.37,202.98400904263343
324.79,236.03215126736566
167.89,283.2563510581542
143.12,132.75396179491304
129.21,116.43013248708776
101.59,126.69240588912773
88.87,105.95500979391451
77.88,102.86120307173094
77.06,94.41855608959811
76.13,94.7321512107307
76.22,95.24387628568581
97.6,100.02541292217951
121.03,123.657081880865
126.86,135.36333326780124
112.65,114.16023563774365
93.7,80.69999264563215
68.7,60.672605767215074
43.63,41.77809564272455
15.02,27.382700075746882
13.6,10.766487860343801
15.1,23.25383378903254
47.62,39.38600873900383
85.69,81.87938098520624
108.82,128.59500865040187
183.54,151.23687203797368
232.3,219.7757205858655
159.89,215.29320793258813
108.63,133.51278636182968
101.96,90.54091193966978
84.96,90.93227381982089
58.02,78.91486938611274
50.06,59.532402163723
39.22,55.101018338153835
39.5,48.45144127019877
50.27,50.881551650583866
77.56,66.48717748066213
114.68,91.11559720301767
103.53,111.62742825128787
14.11,80.27567616563347
0.0,-4.99541447727924
-0.01,-9.98994097212551
0.0,-0.23954924227474805
0.0,-1.3945840846715782
0.0,-1.1219425089401796
0.0,2.3151350077025086
0.02,14.769610600389754
56.76,32.76025016203307
131.64,94.29805238767445
156.2,164.92700864666577
204.27,173.902477594965
154.8,179.43067563537414
108.66,120.51760026128262
104.23,82.80969582152571
88.2,87.99439641611397
74.09,75.57637492802188
71.96,68.74378203947525
71.15,66.80082446267792
70.86,66.29086414994305
70.86,67.69779678956549
91.16,75.00456579540074
117.94,97.06830686503402
138.15,108.80875563759224
0.01,96.3011209759122
0.0,-33.53142061560557
-1.0,-23.28520025672327
-1.86,-7.670379752315924
-1.0,-7.920650092606365
-1.0,-6.553569639663678
-0.62,-2.5147440780065295
0.0,5.594693934202809
79.1,24.418119276130568
115.79,111.34800742619578
242.1,140.63089031362455
188.66,235.4038556028893
142.59,155.37417011524195
108.42,99.53951635856848
101.78,84.75912540441819
80.61,84.93716213815134
82.68,68.33512109534364
83.36,72.64260180255033
79.53,73.40438122294131
79.41,68.82188668284921
79.36,68.4453223138717
85.27,73.10428314804179
93.69,80.58630962219944
84.13,83.54631245930149
0.0,48.15122965927738
-1.0,-30.399937489896345
-1.0,-22.688669275244195
-1.29,-12.74323347378838
-8.35,-12.912551114603843
-9.74,-18.41163946281054
-4.32,-15.41881161056925
0.16,-1.655759373942189
31.11,23.32168731194082
103.96,65.06759936828675
157.07,141.5312298775469
163.96,163.93097732577533
121.04,138.9980831687465
94.2,91.09009091925196
77.92,70.53564478786635
50.29,61.92211191802723
45.92,42.00943783226335
24.74,45.906367157633966
10.15,29.688950489890402
10.15,21.10596296665622
8.53,23.59726407107172
25.0,25.736831941442034
4.41,35.89566271335593
5.23,12.313863373513357
0.0,-7.7757638276389685
-1.0,-15.578589957279277
-2.0,-17.71528669746212
-9.92,-19.09297543607687
-14.66,-25.77419854594895
-14.79,-28.008366784139696
-3.17,-19.781912030620404
-0.69,-1.1858313130702243
9.47,16.493051681144493
92.47,43.950623682580876
106.13,124.52078366413963
119.55,124.94398284652087
115.64,110.62511732026263
100.24,97.31473416734161
99.17,79.33829798768477
86.44,73.44849377752419
79.47,65.01519875839702
75.89,68.69329128023841
72.88,65.82265684637258
71.77,63.87097440698858
71.95,64.01175815671843
86.17,72.81086758173525
116.03,84.2682261757697
127.38,102.56240518791371
25.85,92.87004515608108
0.0,-4.0872717667834735
0.0,-17.67524640481028
0.0,-3.8813340147637803
0.0,0.47478372219647724
0.0,1.4239729073266716
5.0,5.691783017992407
30.66,19.390953792227066
89.59,55.563087502083555
126.02,125.7002674044447
143.26,155.01388266609302
247.33,160.33619028985788
145.93,227.02568301399137
114.07,125.48226638759535
108.44,99.0207599191531
93.41,107.38324458047357
82.03,96.54151784464656
81.23,92.75968293517082
80.28,91.532885432696
80.13,92.02816590954514
83.59,91.64915628971947
100.25,100.47249084860974
124.06,118.01240245902457
167.82,129.8946401164273
95.45,133.93031352415716
40.0,51.72908442514713
10.22,7.116109772609946
10.0,-0.8931127026916528
10.1,9.074179259097093
11.95,13.649003146905017
42.0,20.05043049714773
92.48,56.802522236064945
112.8,115.11584189315866
162.06,141.80272169169837
188.29,183.17687517919222
363.6,211.65506660061243
202.1,318.31619160209914
131.36,156.16877038766035
121.03,96.70651594640154
98.88,113.47307108785895
86.55,102.8852693407683
79.67,100.45669809039414
79.3,95.76319590625315
79.53,96.45764965189849
89.73,96.94907500115639
133.86,111.04756586162969
149.99,148.74507238071646
134.91,155.28081313300459
100.98,111.87860863168639
70.24,66.6509272435255
15.99,40.780398783449215
15.06,2.4725287649922763
12.78,11.599309375080438
15.09,17.352805461641196
44.78,26.40901066900058
95.38,66.06669095661343
107.54,118.67055680466177
168.83,137.98288179277185
206.93,191.8552955183211
266.0,235.3968455454061
156.59,240.8053544638935
112.99,126.75854464002879
93.45,96.56619131402532
86.59,94.78171715360651
72.46,93.37364916033869
79.17,86.76569876614674
79.45,91.54153308801277
79.56,91.37402409904007
79.58,91.2171934684953
80.0,100.05893691777278
108.89,103.16121854192693
128.9,118.32756140643926
124.72,112.69451814218385
48.78,90.16782994453344
16.0,16.921158375727288
41.95,-0.9914607754063383
40.0,34.571441106500856
42.4,34.32562413035825
55.93,40.534713768084785
92.48,66.57895562731878
104.08,106.78437138498633
121.83,130.12688787373537
128.17,150.47478254301078
141.97,158.31179711825828
123.54,141.81644365310314
110.01,112.57713065143619
100.37,98.63310408378855
81.09,89.33345714133438
78.48,71.47107885772745
75.2,74.76725187409072
73.18,72.53419139405523
73.26,69.79148552835986
75.4,69.18893125453711
82.71,74.71699453824894
113.01,85.79446387809068
106.73,108.4387905976105
88.0,86.87742500396241
86.12,53.85965882643285
94.81,48.61720219548878
98.71,61.85515081714233
94.5,65.88829482936342
30.0,63.05499300273322
46.6,14.749184229153144
57.81,49.63816634028677
102.19,77.32614296804971
112.37,121.10674616748298
123.6,131.54624676800125
132.44,131.16635921529655
119.61,123.85702400002762
106.21,104.51516289226849
96.9,91.51830261343277
89.9,80.74359201444018
84.88,74.73291010841893
84.62,73.10085533599859
84.45,71.83975011243845
84.49,71.6055774398375
87.8,71.24027063903968
91.77,76.19564817401856
88.72,83.20124516696949
102.4,78.49673679146015
83.61,77.6910626369849
79.34,55.67640272792813
45.0,50.760660755760924
80.19,27.65399163785142
64.16,61.45671566080934
37.61,41.31344471130736
51.02,21.81419928325184
82.49,48.9583086017998
98.32,91.62807172571532
111.2,110.986055740005
132.09,124.11798041050471
147.5,135.240917516664
125.8,135.42610173140918
112.87,108.79993930904962
106.42,95.16012016636967
100.52,90.58265638250406
100.09,84.81079514308757
97.9,87.31587441320004
92.79,84.10441995948318
91.94,78.6834870079498
92.98,77.05821039702873
93.56,79.83200318372542
95.91,78.49419333607912
101.13,84.08920377334647
94.76,84.39339967162735
91.61,76.32477452211756
85.47,71.1497552706594
50.0,71.79497574748663
17.6,43.096518797492564
50.0,18.966404383716977
98.0,60.091804276718975
85.93,109.42760248337333
126.09,98.71876821652984
162.02,136.37923542444173
154.54,170.1024010045909
194.22,153.55421141667776
167.12,175.70099000592916
147.14,143.6872448731872
136.07,123.11919509240003
99.2,116.30712430227695
94.09,88.43145316621481
92.09,101.8802769690469
91.31,103.11889987368951
91.65,101.33431958635937
91.62,101.6881501453554
101.87,105.64250824906883
173.38,116.26705627009004
275.65,170.14740587090475
168.4,235.17453568957563
116.8,119.42856766881778
92.06,75.5652536749173
87.66,70.06777831255008
81.39,72.47200751550255
80.03,76.00381382259066
79.86,84.24231118145035
91.02,91.25541724461073
107.41,117.21390351028822
172.3,145.06800523573799
348.5,200.1502325054156
425.83,337.89814796411633
174.28,357.12217892022056
135.64,115.7355284891795
118.18,105.04677364701703
106.84,121.15036121420502
100.55,116.50320241001734
95.59,116.41981522794131
96.83,110.73943776136781
98.28,111.7117145756315
98.28,113.28045420073519
111.39,117.74971230787516
165.38,137.46922458573903
265.96,186.4592373040026
209.23,233.35978857192592
92.03,154.24709475979594
84.64,46.2074099247745
71.01,62.0205685797163
54.21,67.19320442826908
76.05,56.90768638404107
90.0,82.4806414044087
98.31,104.0139189250435
146.8,119.24038757230599
212.52,177.67894205198348
355.79,253.68656193369262
367.91,367.3963718814882
194.54,306.5767909482678
142.88,137.23885380362879
126.3,113.80597848893018
108.33,124.58748501788398
97.2625,115.39262801471298
89.005,111.68950576316888
91.255,105.31378323187421
92.7225,107.79562050226707
90.89,109.34502941487024
100.0975,112.95646543765557
127.5,127.5806214559953
174.97,154.03633128359473
137.0425,171.72896900353982
104.6625,109.0555205528802
87.205,75.79567612188066
85.34,67.86892875551361
85.0,72.09056747608182
84.83,76.85483759481035
94.0225,83.49609190378092
102.9975,102.13563079463313
114.0675,125.23113798313946
153.6025,151.30161352062836
252.29,205.91474969276777
321.545,278.8563770751207
155.4975,284.8781147711693
117.315,118.7045667749243
99.5325,94.7660951963562
91.485,101.7979662382432
92.4275,97.57847519431914
89.5175,101.9127765580943
89.0325,97.47787115092599
93.085,95.25320337157044
94.625,98.35805374589535
98.2,102.63928779339282
131.14,110.21489061859444
185.455,139.80245829530546
155.4225,172.76779286019365
136.8875,130.49218264043893
134.04,109.97809312534636
108.355,115.2324348776061
99.855,99.31571266760385
96.0,95.39814514113644
94.195,99.92430928874545
102.4575,105.90661435078212
144.9225,120.15041237998062
140.9125,163.3867024582354
176.35,170.17756950774213
185.7525,198.99269967426918
133.835,172.07030079779904
110.2825,115.01252330826496
104.2425,94.3021752722316
91.3775,94.02560318051204
80.5775,83.39011782370501
73.905,79.08447931913489
75.105,73.32140485700259
76.8175,75.45006575130611
79.8925,77.42902891755418
94.6525,82.61550660522228
128.585,101.15614592468017
146.005,127.57373012859314
103.2,125.6601617910856
61.4375,75.16315346502621
53.5475,42.88709001683058
50.0475,45.81928156064133
21.78,48.73596869642488
32.995,26.79917181994088
39.9975,42.74592826028392
45.8125,58.96303962614
95.7725,76.83309954649636
127.6425,124.37355067827635
133.1725,151.94061046453038
130.78,144.40178545731447
134.7225,124.8115564283959
119.935,121.75365654851437
123.52,105.70808196693481
103.7425,106.59750535765808
102.1325,89.0361823410475
90.32,90.77689601305684
85.6675,82.41966583703476
82.2325,80.38066774348454
87.6525,81.18612422002208
99.7225,89.77871435706057
111.0425,103.99607559351176
144.9725,110.76307593530522
108.735,120.86073032304184
33.945,73.13801021704188
0.0025,7.737347983304403
0.955,-4.9218819147928485
0.2875,7.159103659724352
1.7625,11.363385290042473
24.6925,16.99304738478041
62.77,44.95684475889922
93.74,89.26594625183843
156.2275,121.23332595292112
225.2675,168.2988660442527
208.5675,209.41384128372982
185.0275,174.35765519800242
147.3325,143.5644908386223
118.375,117.52181142836073
106.9025,97.7138552944862
56.0,93.58075613116863
42.8675,58.302451649539115
68.48,51.94753342046825
63.5225,78.4737632117812
79.1075,72.96254777769747
83.13,84.6315717155827
82.5325,86.49082409081635
74.145,83.9598903845989
21.7975,62.38248751282647
-1.5025,4.146197705344036
-2.2525,-14.502725094482713
-2.5925,-9.276358268096914
-2.91,-8.405391047120702
-3.0075,-7.930450678597225
-3.265,2.158948647322603
-0.5,15.985521491354959
49.6125,33.811571362889744
128.845,94.30399135558704
152.61,164.69932483989516
151.3075,164.27734002171306
140.7075,141.04168099020097
122.82,121.18265880688816
113.6125,102.63499304457974
85.7025,93.43477009559403
92.46,66.01139665050174
77.43,86.10943327003308
60.3175,78.98551332964348
68.1225,64.51612697091015
83.225,78.47360319091723
117.0375,95.47211186411963
174.1925,124.58501370274257
237.2125,164.14554472443865
200.3925,191.11737349293134
136.95,138.11501522779557
105.9175,82.92910440959419
95.9975,70.11757144158321
88.955,74.75476511325077
81.5225,75.10483806037831
79.865,74.20916282424284
79.08,80.5344234419326
130.6525,96.55225302696795
194.69,157.78660361082083
240.0025,216.22292648870737
239.0725,237.31681852250307
174.6975,207.03217534019151
118.975,142.33429671556047
120.17,100.8000295388895
106.44,110.02589788367204
96.595,104.91456757800233
93.745,96.39483149740562
87.225,90.25779763434964
85.51,84.55748575977707
86.035,86.02654964079137
93.51,94.93517199418781
128.135,111.4973008574455
109.6625,145.13172620423728
94.5075,112.68840473499687
33.8125,82.52117621724393
51.5,33.93344818478625
5.8,57.203719069196765
14.505,25.94074207448938
33.8,36.890055315110416
58.0075,60.6317355709496
64.005,84.04375974854045
96.635,96.83563222602018
140.3675,135.6026614306876
202.995,180.84530283873255
194.23,218.03257499639048
146.4,177.61060056316728
123.2425,119.59519895239991
107.4225,104.746588720081
97.4825,98.20547256084593
92.9775,92.12318723734238
88.4375,93.28636449027381
87.56,89.38463552060448
87.4825,88.07317165102393
91.0075,88.85849538467559
99.3175,97.05656308221207
116.5625,110.87364956095371
162.885,115.17240301208332
165.2825,142.00095188614284
116.6325,121.91633700313167
90.1075,78.58467672575541
88.3975,57.810716780964285
88.3625,70.38623362271694
87.8425,79.09604576762952
89.03,85.03621814159352
98.87,94.67699352101569
127.465,115.36383175873414
156.41,151.39471809456356
196.135,185.55564574066062
198.125,206.8674397406454
152.165,181.77842748884842
123.9375,130.76980209802622
109.85,108.02551426633545
99.3125,102.62995110330519
97.59,96.60656308693086
93.4725,100.31124693236845
94.25,96.07200117767039
92.8325,96.2468076495881
95.505,96.37279660850925
107.4125,103.46576796302689
133.515,117.3832601154065
167.9875,135.81174633224322
118.72,148.72611352312805
73.2175,85.65687944973128
46.3075,44.29314769979387
0.0075,32.72086412650761
0.0,5.565517871688158
0.0,15.807502781845855
11.84,26.121398891456636
41.3775,45.07774880482012
126.1,86.11899018553181
169.7525,164.90413979541296
183.54,196.70894091329296
191.195,187.88397473994917
170.855,173.97995560911227
166.47,147.56728272055398
152.41,142.6454121155862
119.84,130.47369738708082
91.15,105.36224979848362
87.635,90.68106082593872
82.6275,94.16623544623987
82.985,93.26332411118229
87.87,95.16786594659219
134.11,103.6964010154448
188.7375,146.87699927543903
200.6425,180.89559014854393
130.23,159.90034907998134
78.565,79.05035090965485
63.7275,37.34588230359383
33.4975,33.4644110447709
30.79,18.423388996278305
49.795,23.939035355560122
79.0025,49.66087406460842
93.8325,84.48807231036858
142.4175,116.02496590966018
195.1525,168.4513979748108
243.325,208.77652871521798
242.2325,231.62376891687288
197.045,210.52564258799833
160.32,164.35994272307101
136.02,138.27066988331833
108.1175,122.4820121952316
97.115,100.92257622379059
89.4475,100.11532682287006
88.315,94.69336436973956
85.2925,93.13103238978236
83.695,90.97201091382803
85.5025,96.90021501501252
90.265,105.54764667522434
96.7525,106.1201123562907
68.68,89.19900647880245
-0.2725,46.918947322548
-0.0275,-12.894836789498214
-0.16,-5.537074607282037
-0.1,5.1292134786040435
-0.0525,6.4080288564966
0.0,13.705708576153867
20.28,24.505436460323835
90.46,58.84888324276012
119.5125,132.26822470675148
145.9775,155.7716138494922
135.3825,158.25095117346555
122.6475,130.7551642038566
114.425,109.1727625380586
108.39,98.82405795648368
95.235,89.66877455507283
82.5925,75.0209630532182
90.175,67.70398662239022
89.08,77.76242534547434
87.7575,75.87528944121078
88.765,75.91354931683911
89.7075,78.7590723705149
89.605,80.89586095993391
89.795,79.11489434566502
21.4275,66.42078761807808
-1.62,-4.5360724971806405
-0.505,-16.730326541579046
-0.1,-5.204971054218689
-0.1,-2.459067586324352
-0.05,-3.3244995228975682
0.0025,1.9134586166084944
41.765,14.268865281637346
97.2375,71.25396667508329
139.2825,129.60185778876314
172.225,159.73768428284762
179.0475,168.13869972436805
169.735,159.7598637023904
127.4275,142.88835043386567
109.975,107.17050692872868
94.6275,95.45291053378912
96.42,87.94005948543415
92.8275,105.8953474797952
93.71,102.28384284383449
94.775,102.57503840793947
100.05,105.03407352516433
107.4625,113.87267578435295
186.5875,122.36825768910406
263.065,181.24540486349633
193.74,213.85146399246804
91.99,125.6511327635819
80.57,39.58625536107708
34.4975,53.089791567718436
65.0,32.58201116260702
81.2075,65.99203668022929
90.2,84.23762624099732
101.8175,99.62263174822496
205.245,126.26658701792121
265.065,223.56643655135917
373.5675,268.18096269782257
379.9925,332.0105265187757
318.0075,308.6040722071773
225.2675,234.09582539267055
138.7125,165.4867084700328
120.69,111.14536976112534
110.515,118.36243029856458
104.8625,124.38107041414366
101.2675,119.91030680690085
101.7225,116.06906432739923
103.4875,117.80527069185423
114.6475,122.32539842038005
206.5575,142.80675586931096
286.855,216.34722734655273
105.925,247.96239436939376
42.975,56.00543892980581
38.7025,13.268059621587184
0.0025,34.034233092846506
0.005,16.184243645467674
17.865,24.69849391682517
55.0075,48.89403941448563
61.785,87.58092066868822
177.8875,113.41276017125742
300.005,220.7325620838935
462.6975,325.11890951796096
478.9125,423.36084623697377
290.2775,387.51897930749897
242.615,198.9984537707611
152.77,172.92396555060554
128.0275,128.28178666397264
121.37,124.15649684359661
116.265,134.8763141947527
111.1125,130.30779684102822
107.6975,125.80964206041386
111.155,124.41294118661608
134.13,132.08058086289844
200.41,162.82385549436657
325.605,216.03337771911666
217.31,273.9604778047585
98.045,144.53518519592313
80.8175,41.74211702966706
37.3225,53.02493064307501
37.76,36.44714873324405
55.6575,48.38991710275268
79.35,75.36711024778732
92.605,100.78668062834369
195.1475,133.07185560332474
271.9075,235.28368260289784
346.0875,308.8663685944857
311.425,342.62952947778047
274.67,264.4744957079164
234.095,219.39311711187392
129.0875,184.24537444705703
108.05,103.07271176058192
109.0125,101.0027309180888
103.5425,120.36569710708343
95.8275,114.51895729416727
96.425,105.40522292939679
98.5425,107.49794580311269
113.8175,114.47840051334047
166.9675,135.27332523432943
286.1575,186.96439314070182
155.0175,255.42215579622248
116.1225,104.90194230304957
89.39,71.08572354798929
87.365,66.30435703840942
87.385,74.0684780215771
88.53,82.32877740901061
86.95,89.66157048141069
98.31,96.29284501400082
142.97,129.58870955725587
203.8975,180.81727377067497
196.51,236.36637406401292
182.905,206.1283064382042
178.82,175.6405432524897
135.77,165.77451014589326
125.3925,117.53728763975671
105.6625,110.10880962454542
99.5975,98.1093375223752
92.865,98.99373505781897
92.3825,92.73572571040168
91.985,93.04985593655056
93.89,94.85183864609567
105.785,102.6174561294492
137.3675,123.03758948146518
148.2325,157.79901806818904
157.175,139.72113755615203
129.02,131.02706325968947
119.1825,102.20542688437543
100.58,96.2476778075484
91.9225,88.26917567525983
92.68,88.36309241284286
99.5025,96.52039427944291
130.0025,110.84720265094104
162.365,149.1870309256862
165.795,184.56944547251305
194.315,182.03060497059843
176.7625,194.5330432595408
162.225,169.65378603464416
150.01,146.8353403662354
136.7,135.90478088135475
108.305,124.10121945817752
108.085,101.43143344175746
100.28,107.1599948844284
95.78,101.75969491058397
92.2775,97.47283853474985
91.665,95.60039918411266
102.8575,98.17243900318333
146.2875,111.95373179117202
170.045,145.23805928385443
142.54,154.09171905746294
108.085,109.52094426082874
88.7025,79.83869369192738
82.76,68.33222368788631
73.7425,69.34830540111079
47.5575,64.11212136047718
72.4175,49.21530658604519
85.36,86.70580726967788
139.1775,114.38703270347037
164.1875,162.31009016078684
185.8475,181.87891269333528
185.6575,180.10921463617936
164.7375,168.5673102596985
123.9675,143.93712070492745
108.45,109.0815136896727
94.995,98.45579430102826
92.96,91.49898795479055
90.175,95.68479391287786
87.6625,92.47334579276436
87.71,88.3181485890135
88.955,89.19627361611013
90.5525,92.0719733721528
98.6025,97.44443503637633
105.8175,105.40862094191662
97.9325,101.6961941538531
85.4575,83.26325704588574
74.7175,69.61847753608808
73.9225,61.62455708516195
38.2425,61.86926588897751
47.1125,30.36338721171053
58.0,50.791849044652324
72.7425,74.85495539969358
111.845,103.84761136577303
148.5675,143.92885790736537
180.74,172.55421674733788
200.375,184.24523771760275
182.3425,184.4778195316565
138.2025,154.57695698770928
129.395,113.22780181516119
101.435,109.82346884649435
89.16,91.50360010189016
81.665,96.62713795964561
80.0125,93.26584641849485
79.9775,92.35956880079229
87.695,93.96524679082626
123.9675,103.7851223105057
230.3725,138.33001005888778
293.01,218.17246878518682
146.045,243.35910682200017
110.29,94.9268555366034
86.175,75.4910763815723
80.6575,77.52840668960386
78.3175,77.98764795748512
83.525,82.37441507492568
87.6325,92.90439095980662
107.5125,104.94468745748416
186.7875,137.3584026755724
276.21,212.84952843309657
360.7025,284.73386038664034
336.0875,329.8134536885189
287.64,278.3800371894912
221.1075,220.63810183701682
157.9275,172.98137837206048
127.53,131.65862696948042
119.0175,120.40314753267198
91.155,126.46098490446369
88.0675,105.53690019724169
86.2725,105.81945319682428
90.57,109.16383815938589
129.295,119.98191141946232
241.9,167.2751567344973
305.6575,258.2783682923141
228.655,261.78208594838316
154.635,165.10106250462047
128.5725,103.09001972657188
113.2625,100.14594218621464
103.45,100.26947237951673
93.6025,99.99636946949977
103.0975,99.41784713531803
133.895,120.56813327203237
195.9175,169.13750808106087
227.0075,237.05660696943033
246.53,270.25846373229376
214.96,264.7174666200465
171.97,213.7279051776323
147.4025,166.60558046301293
127.7575,142.29851674181273
99.53,127.11036893960994
96.3575,105.86611277950323
96.02,108.30712203991578
96.8625,108.16720353478163
95.82,106.72003037632403
95.435,106.86389706939852
108.2725,113.16026660690773
172.065,140.72948425637276
181.9175,197.3188620955213
144.2875,178.50516801650187
127.125,119.70738817537307
108.63,105.31355633903128
95.6575,92.76514809422714
92.7075,87.87585191327396
92.0775,90.11896261031218
98.9075,96.05435304027799
119.7725,112.84547490585543
157.275,148.21346973121516
200.6625,188.90151388675218
283.4925,225.0660286308218
269.8975,272.09685441345016
184.58,233.69372164178182
140.84,148.90431689632953
129.6125,118.3502031042047
115.0875,119.35746317142826
108.555,112.63934812317967
107.39,111.95374502264718
100.6,110.46140985358045
93.7,104.73319999353274
92.3375,101.10658588080443
119.6125,106.21541489942659
137.51,141.09382923545624
145.475,150.74046520777057
136.6175,134.85009913621693
119.355,112.21884703947647
89.95,92.2124879458575
66.7675,68.44710451148511
49.52,54.389203898705375
55.0,47.41885505825242
73.875,62.18156077330613
105.115,90.82769420537997
139.1375,132.13447822628365
136.59,170.34195818555236
146.1675,171.75997192809524
137.5125,166.64109114759614
139.7,141.511020643135
141.725,132.0747857290546
100.265,127.75331948639567
80.9325,86.79169082173938
62.9525,72.54527185972678
50.6175,67.22321297689328
42.17,58.246025775118824
47.595,51.2075405486122
55.4375,56.62170691369189
73.7475,69.28621136667354
108.81,86.90644487871535
130.2875,108.05136588845838
93.8875,113.18599931740859
37.815,63.94167881786095
0.0,13.192507762741286
0.0,-11.693698145904222
-0.025,-0.22536720719918435
-0.1,5.2200595528425
-0.025,11.863332137979143
0.0,25.41691393143755
81.8,43.660213329707766
120.7025,119.60530081153956
137.6425,146.65688052276045
145.22,138.8257317116574
121.3375,133.48281102886529
108.4,108.62807214994768
107.9125,93.42287432818304
88.41,93.66573644302366
81.9075,77.060444903379
76.605,75.04582124021606
74.7,71.65323498440002
79.2575,70.88632869286087
83.2375,76.98777557625891
94.845,84.1019820062744
117.86,99.74896658597328
125.065,116.91730652818066
100.7525,103.49095858059091
59.6,63.5480133530154
46.815,24.76626177637266
11.8,21.34403561250562
0.1275,1.5002145715863122
0.3475,-2.846776738496658
31.335,7.786539525354229
73.2925,43.805525153288485
108.415,99.69209319648958
152.555,133.70130053691838
216.195,165.61775771168533
195.34,202.89273967358545
157.21,165.87015255419993
150.39,124.20023550866374
117.86,124.57529947995818
103.5175,97.70920725002077
90.58,88.27081831580544
71.745,85.20463276994752
62.015,70.79475662182615
60.9075,64.26350113563095
56.05,65.50659956944915
61.4625,62.29816961848783
63.385,69.15923596851626
63.6875,66.84940106082823
52.7675,54.138242290780084
0.0025,34.411886404222955
0.0025,-10.906525773356833
0.01,-7.464106650398534
2.01,-1.6632649262080434
8.895,1.8845379111279783
14.8375,12.789082251716835
73.3075,31.179233272205394
114.305,94.65052427708417
140.0075,134.4679352291332
146.6225,152.44274831376708
136.9125,144.68652506406613
121.93,125.92285271746027
115.25,108.90812858764545
95.9075,99.9760105145602
66.9775,81.01613669038264
36.4125,56.03007972957326
62.385,44.31009026275636
34.4725,69.44998425327348
32.5675,43.75484564489598
37.2075,40.143176474838306
50.7075,49.46641278788165
91.0025,66.41150570738351
110.52,97.88118651151134
89.8375,94.77988975978286
78.1825,58.186767543115565
52.475,47.0115298795082
65.5275,31.984460861546978
27.0,48.37742611094747
19.5,19.101707790306094
37.795,17.285576318328992
83.375,52.3210845056131
124.8875,108.31975092128356
204.78,152.95399528150463
224.41,214.27832583746584
182.48,210.4559247557967
188.695,160.77714751678567
174.6275,162.26983559044777
132.44,149.32572289061213
108.3875,109.34795562009842
101.0725,88.81387819140281
87.7575,95.50504221358898
84.3675,83.58549291959763
81.9975,81.5695269468489
81.0375,80.82162570885387
82.8925,83.74546235986526
99.465,95.0044054061417
102.095,110.35263757206518
101.85,99.03599405691003
67.5125,84.28191862911375
33.73,46.045688498046204
0.0575,23.942187011854855
0.305,3.8028725072253593
30.0,15.76290993305632
58.99,48.97878931392522
62.685,81.9573118035941
131.645,98.09337164585486
174.7675,171.45856756976977
196.515,202.41684569118996
211.345,195.39947467574896
192.695,197.35438223671412
150.18,172.64236666610032
125.3825,129.37145546510644
110.7775,110.7931430492066
106.4825,105.57681493751738
83.285,108.2456873995346
83.135,90.3533405335562
78.185,91.63886084844435
75.685,89.56611674544209
86.075,89.99468820274801
113.395,106.1776417319047
127.635,124.72056312393687
110.9325,116.59211469079354
100.2,82.62772457633581
71.7825,65.1313415946164
5.225,40.78480757394895
5.55,-6.3056022486489525
49.6775,12.910795681144293
77.3975,64.9284585309841
89.0475,92.24181593179493
127.635,116.83988612057382
221.195,162.33181708168993
160.9425,239.71628168282598
140.3325,171.9120393099902
146.2975,144.32213555686093
150.545,147.253174174997
137.9825,146.14112387243975
122.9025,129.26214820130681
108.1675,115.30940284816236
97.8275,106.73888473581648
83.5525,100.81395755493223
83.5875,89.18911280207416
80.5825,91.09229369271942
90.1675,92.95823661815491
139.8,107.72117988452302
151.275,146.78461511138545
130.68,134.85606742942872
96.1375,98.42494434088442
40.6525,62.74459096029582
0.01,15.557901831723683
15.755,-3.8156226659056784
66.3225,30.247132676285787
88.19,82.78832928272995
115.9775,104.05886545644188
156.82,135.48951945426643
199.5525,183.64505520243847
191.645,204.91785774687077
177.7325,181.3214027500456
175.645,165.08879885027724
134.12,162.03125189278677
116.155,124.30707555890008
108.37,109.45639943131829
96.595,106.58345040149013
103.235,101.24561879536967
91.5125,106.00221599627935
87.4875,94.8303943898596
87.475,91.23372468201237
93.755,95.89796606235156
116.5825,111.35899732328531
136.9025,130.37062363633254
127.2175,132.46985671509367
113.735,105.76908438628477
87.045,81.19477938821205
79.8825,58.28257541055211
78.3575,61.44521221953393
80.0975,74.76736594793717
88.75,83.0606923994022
119.1,101.05546526858393
183.5525,140.7307842039209
250.465,203.3554583583168
287.0,245.93597365458618
273.4925,254.9683903727465
250.78,229.1935269161343
184.865,199.01827674323192
140.5425,146.7445946934256
137.5175,117.81373599962484
101.95,125.73004777408558
113.9125,103.45228300433001
88.52,114.81203148656964
78.68,93.98057257495394
75.5375,86.27743643019441
78.7775,88.64038806117756
90.2075,96.74550174798746
105.31,105.79383354240534
73.99,109.0751605806849
55.3125,69.82005174742287
42.52,48.31116955672604
18.3,41.11126490905278
15.7575,26.81982257326598
21.015,32.14615131298383
30.6225,43.10068656679296
65.1875,62.89640980745949
92.17,108.74362514421645
159.435,143.21091137679474
131.7625,198.04927745649627
123.8175,155.80851971449908
116.68,137.80020950761218
140.735,123.94656212054804
140.2,135.6000741022925
109.22,129.34878170153024
90.2375,94.68304683417757
82.9175,85.78954444012588
78.725,82.2125226348325
76.255,79.56572911352437
76.315,77.1726887100182
77.38,78.28606496747801
79.565,81.09747484990046
83.62,82.47048348058783
80.1375,75.10639664785388
80.9125,60.83308119496773
22.8425,56.645261196448274
6.78,6.67483588394866
14.71,3.793698832482306
26.7925,21.505984988682798
56.01,36.430377661434804
95.985,72.30464741089395
122.6825,116.78627514739179
125.0025,148.80355797722257
128.6625,140.8783888502218
139.9325,133.88755326172472
134.0275,138.8251989780377
136.805,131.34201312324763
105.245,128.88076025880477
101.7875,96.50941167542905
89.09,88.87689051299904
86.52,95.60190170342094
79.2525,93.5333797286557
81.4525,87.16727250370832
81.1575,88.42705856094663
84.3125,90.43547966419702
96.1375,98.55716746465582
122.635,108.7801755140913
127.7325,118.00771663339293
85.945,108.15661998344987
58.19,55.71608452492401
26.7925,35.56391553879905
48.97,20.63937049548312
78.7925,50.596366420449066
87.2975,84.26603151885632
108.5075,97.72940900152271
158.4025,127.04198077983152
209.5625,176.6488484942218
167.2,212.6364895136337
234.035,162.29025678647398
224.225,213.4699334591504
162.5775,198.03326645873872
137.405,132.35075924104623
122.13,118.16370794166086
97.4525,112.48262960919728
92.095,100.18955147098106
82.7775,98.81473869267472
82.65,93.25807211059318
82.655,93.11416068113971
87.1425,95.31461842493022
116.6475,103.73622769007167
166.335,132.34067967348696
135.0075,165.5634091805277
115.0025,120.06417808901213
98.4575,93.93474141025122
90.465,82.94297384885462
88.5325,87.11450900417577
95.995,94.01418719676114
89.4275,105.37270749335394
111.1975,106.02606269102236
197.4475,137.12554474824557
240.23,220.1933306054388
189.865,238.33193030586668
271.4,187.41392993674512
208.25,250.37448408196977
157.9875,180.5061868904897
118.6725,129.54403568596047
108.355,107.23079240104883
94.0525,101.62131333666592
93.885,96.94449120457375
88.9825,95.81990298201802
88.4425,90.93361448226653
81.6475,88.83395276724714
84.3525,84.73482510531505
102.2025,94.4477445150832
122.5425,117.50696756975518
146.4675,121.8275542356543
123.5075,130.6420208703661
107.5175,102.21776409632986
104.5225,86.27046830341929
96.175,91.56919127943442
91.8425,91.26842920491846
93.7975,91.06902034232499
108.1375,99.93707016929463
135.1125,129.98130466980757
225.8025,164.32652946962608
190.45,225.20986958209454
190.0,187.81604525720056
190.08,170.2760371883973
157.8025,163.47947556177135
117.015,128.35120539971405
111.31,93.98536730168925
105.1,93.99701770383473
93.0,94.17839763085432
93.0,84.11887798594522
93.0,83.20148216640314
95.7375,83.3350965715017
96.985,86.3332594361656
105.1,94.06873935033673
145.9825,104.3681245147214
144.785,135.89791993837406
120.365,119.61895288329634
102.83,89.13742403170066
98.0,78.14176564359128
94.75,81.78757557891566
94.4075,85.28607996256696
94.13,90.01008103278934
105.2125,99.89960290941374
162.4525,117.94791783670695
243.55,185.41702270172902
241.81,239.2854359504089
207.7475,217.49875073526633
200.6425,178.7819696763807
151.65,168.61822213264935
127.59,125.81477149523022
117.7025,110.54421661301123
106.46,107.83832004363846
93.0175,102.713791897821
91.46,93.65797032828105
92.49,93.3089508240565
93.3625,95.80029466003901
94.435,98.07432509617061
104.895,103.11958336662435
160.4725,118.66469069831358
173.8975,157.0882683979683
128.0025,149.01519969982056
110.11,93.67426060159922
96.005,83.13164519577884
97.98,83.31020473463948
92.455,91.26677811191433
94.78,92.02998468323368
120.22,103.05291057774726
216.305,143.91266024502175
275.315,241.22693363731685
339.4775,275.4961321450876
154.005,300.58496734501193
149.78,132.9265165497075
131.1275,130.3926590325196
113.5,131.65624175321284
108.92,115.42023621503553
101.445,108.2354581971949
103.81,103.16392308381499
100.6025,102.93746958600963
98.455,97.63794360759431
96.9175,94.01802078422274
98.635,91.28081427865693
101.3925,94.015998274177
104.7975,101.97568718585522
111.615,105.46725077440664
112.4825,100.86478287552762
109.3425,94.34041534916554
102.64,86.21817569682591
102.54,83.22971917521673
98.8475,83.48296542567982
102.59,77.0060720865925
104.455,104.1091565489191
122.1325,121.5945401280334
147.9525,153.7636635499418
138.725,180.1869427184965
134.3175,139.0744139422908
132.52,130.8386824506243
125.1225,125.74406097564886
115.4825,114.05776010152832
108.0,104.16416777871059
98.16,94.0203259720888
97.985,89.13890221339129
96.495,88.60125844519912
95.0375,85.39975480633761
93.4225,83.52083406657258
94.0025,82.29199173019862
93.865,84.75585467329289
91.5725,84.76138744945102
94.115,83.12106829407583
100.8275,82.96816072087441
100.2925,83.38050883700217
98.2125,79.65700247646717
100.625,78.75550375879368
101.0675,81.17488554874056
103.1725,86.39589289544955
105.1,94.63240088938815
112.285,108.11596289626829
126.2225,125.3000560464617
132.4825,133.9261459376113
129.6975,130.71724011405286
130.545,123.9157134067658
123.6675,117.89291639955803
112.5375,106.15093464379434
105.1,94.13688148173307
94.6525,83.98568228636054
92.0425,88.16500850639164
90.665,86.1597051029269
92.205,85.14395789802194
91.5025,85.50262598200074
91.385,85.7438502350542
96.8625,89.90771189119067
118.925,97.23976262863192
142.8975,113.74596707529457
141.6375,127.47667228589289
114.435,117.16818522907644
105.5075,92.24441650888288
105.1,91.5028138435601
104.4025,100.48977017243996
116.2925,104.6164350092583
146.505,118.54160588847607
171.01,149.83061004202452
183.26,176.4425984523033
164.325,179.85927265908498
155.015,159.79373274497627
142.1625,150.29697990029993
140.7825,134.84461014754845
115.0375,130.14241515919394
112.09,105.37257155034392
99.4825,101.54777544062671
91.8625,96.44160802968936
91.015,91.20812250278027
87.38,91.00133411928215
90.895,87.13773734558897
91.79,91.1044034154646
107.5975,96.80688824020405
151.8,114.2087595672937
146.5025,143.7532702754148
123.9025,123.59627538305189
91.01,89.44036298363238
66.0075,64.95104599513597
54.09,53.57441675277731
85.1425,54.419366575005604
94.8275,89.5633755120189
109.1675,109.51237363613498
129.4175,134.4491749781418
142.105,162.5855294634729
161.78,165.68853666411928
143.3325,175.49443569129
149.2225,150.76640221826628
127.265,147.65841660924383
120.965,122.47942616045682
115.0975,116.06291110430487
104.8775,110.1407942670233
104.73,103.88419093630488
94.6825,105.09426160470795
92.5525,95.19536892315118
94.9675,93.80339846894545
98.7625,97.61516288747872
111.56,105.16323354171978
152.6125,120.76495890082843
152.32,145.30363871674166
123.9325,125.58132829369391
91.515,85.56420731515709
63.81,59.152529891414915
66.325,45.44812911494266
81.6825,61.802901157921035
93.055,84.7531947825881
110.57,101.44207539068204
156.7825,129.0286952734903
239.995,179.0241524026872
261.9725,240.9399317629727
245.5875,237.98110781786514
235.7725,210.60512001735356
181.7625,193.61512799527947
127.545,148.8233855618916
125.1775,109.7676476505093
108.3475,117.65585116130191
113.29,111.29300627338279
108.635,114.75751199121959
105.1025,109.34587517674089
104.6225,105.88602458015232
104.79,107.29508506973505
141.4925,112.5072601423997
174.6475,147.61065129998207
143.25,160.7116799054644
114.8575,109.63521833745867
84.955,75.21325779520247
30.675,54.962997905481174
8.2075,21.32750197462512
56.82,18.5490789699177
81.1375,74.44208078482163
117.68,102.53922680683856
194.3575,146.05161627419187
289.115,223.8401432971831
299.4675,292.5674971825621
302.1425,272.39176254292266
286.3025,258.98891118866925
220.4175,233.3501798805874
138.24,171.35691746922782
122.8275,111.40318371515254
119.745,113.14894537471612
106.605,126.35695933227427
105.14,115.56433758414606
104.5,113.32264377629771
102.1475,113.37229599787084
101.2925,111.48264316653058
127.0325,118.42671080088778
135.47,143.97813973324054
132.74,134.81777674543076
127.785,108.84952438998933
64.8675,92.64001927371312
18.165,34.06133364536535
8.79,5.341638086999964
58.8175,20.287434225780146
68.42,74.99606553065856
120.485,92.39316927194564
174.9575,155.25431256085244
255.68,215.75039866355664
196.935,272.729372032152
166.23,198.08154650817835
155.735,166.60495960394485
127.0375,156.31743537504622
113.845,122.90598883542994
111.52,111.68372394836275
104.68,111.11361488489554
115.16,107.6451978532877
101.2375,115.47726634688289
98.42,102.29637168990624
94.19,98.71205443291957
96.33,96.28560898853122
102.915,103.28463131215605
108.38,108.67009737478588
107.575,105.13156054141365
88.635,90.92489796419375
52.89,60.56202186149813
0.0025,27.249416681515186
0.005,-7.500472775496448
42.28,11.948839946960604
74.8175,57.67832012538311
112.145,95.83853743630948
134.0275,138.96713380504667
179.2525,169.09355802698266
160.0725,192.06851166336702
145.335,159.17118455362913
141.555,140.40667031127123
125.84,133.74661857715486
115.49,117.33350323315702
113.8925,107.50839390758584
108.0,104.3040447896062
108.165,105.00201103864453
100.315,103.1578968131109
99.685,95.2203129044844
100.68,94.23183165449761
101.56,96.04205923841377
104.5125,98.77008223970827
105.1,99.41606926628552
100.385,92.81527489470095
86.925,77.49021144627173
34.7725,57.6258088946125
1.2575,10.149255179536368
0.01,-6.895093405680839
18.02,10.019891570148303
45.795,35.252849661815745
98.5275,71.0297917967527
121.0575,127.0657470316474
142.41,150.03833082120912
134.91,157.16007508107916
127.4975,138.30028536907335
120.775,127.09007010325215
115.4275,117.576885045839
107.3725,107.32551301259329
99.0625,97.97527098791012
87.84,85.42073479053111
90.975,92.90442886934973
82.36,95.7402448015106
76.0125,87.17520950656935
74.62,81.82001464536576
78.5675,82.78264728059415
90.68,90.67947812507302
108.905,101.95525065185977
120.0025,108.36334940714767
116.535,103.64420120374302
99.9475,85.24899797986863
29.8225,64.8286589178284
0.0325,11.583702485202778
19.75,-5.086503369337834
76.17,35.29876087845105
106.27,97.39551633897699
115.18,123.64327738470115
121.3725,132.659697781444
118.91,131.65473655901252
116.7,122.79520303703873
110.7125,117.5075549709479
103.1075,106.03641677781904
93.75,94.12262051178219
90.45,84.43276898382493
81.1975,80.1765729285506
83.47,74.47515180047901
83.3075,77.42724975205542
79.49,74.23250005678355
78.295,69.13241288479921
81.2125,69.69771979702784
84.325,79.21674749069967
102.065,88.41517148141907
117.41,100.03251286732123
120.4225,103.7784125524533
91.985,96.72941304968
85.915,61.777209810154574
86.1425,59.05612682765327
86.3325,69.13118418835953
92.2825,80.5244555205891
116.0175,93.90803504713291
129.09,121.66695640353865
135.66,137.0314299795757
139.325,139.28436786003255
136.905,135.10044477835984
133.9775,129.6418198323224
125.3375,120.17298011952651
112.4875,106.28757466961429
105.2275,94.12029625127792
89.3175,85.04661240164629
87.225,78.2474589562583
86.38,78.26386873091454
84.8175,77.01006520139329
84.525,73.82064151736145
86.1825,75.3118674610212
102.5975,81.99882081002201
122.0425,101.79727978975859
138.0975,114.3660756167609
132.945,120.77887253333535
110.0175,105.98533834448722
105.3275,84.79863001108363
103.0525,87.79363794651486
109.8675,93.05649041355119
116.1875,102.49347135844705
127.22,115.34968259341979
135.55,131.55384209791077
147.6575,146.91013975812336
145.6375,156.35731003306597
134.64,147.9828416749287
133.0275,135.18701282087966
128.82,126.9679464578978
120.4525,115.44251202177409
107.9975,105.33481326321105
91.885,88.72934550968172
85.585,80.42296015391153
83.96,78.3004979711888
83.1075,77.9893805848003
83.8025,76.7014324278328
87.935,76.94388769132829
101.535,86.11141633681129
125.0025,103.13214145733392
140.6825,115.55775059995511
118.1525,116.15255395667265
59.54,83.20209843853678
15.0075,33.82805500604812
0.0,9.45973997139727
0.005,14.87473987829918
66.1875,27.848495154374703
109.31,93.29883918324167
128.0725,133.6653208074838
150.4975,146.50204870427598
155.0025,157.21086047280113
155.0025,150.82478460657816
152.21,144.33041640152373
129.6,133.52095993728688
118.9,105.72939072489966
100.01,94.34391519762481
87.775,77.86010605164658
92.895,73.72323118809402
92.2925,80.82260856202114
86.925,78.48365063080082
85.965,72.32742473748986
85.19,72.8337173532283
93.6975,79.3055126235207
116.825,92.86392989899156
129.5425,107.78682081730143
89.68,105.47089619319479
40.58,54.8737931159266
0.0025,11.501829644264461
0.0,-10.410735652808285
16.255,3.708139875667271
56.805,33.27102630343359
94.8475,77.47552284691406
105.0025,113.30810248782733
158.65,124.0878702675177
136.57,160.72687037035928
114.595,130.72198023119387
112.4875,106.87943200836634
108.82,102.60042528085927
103.1,95.75622033973247
93.05,86.5536968992608
80.085,74.40933613110451
86.14,69.19290511928385
86.42,75.07988369084278
86.5275,73.39162791899068
85.255,71.4315215051809
86.865,70.65300360820153
86.1125,75.57280278545629
91.9425,78.8000024471018
97.2325,82.6029189252359
36.615,74.78958294049445
4.1825,13.515632535975243
0.0,-14.246546556252227
0.0,-4.006306461095733
0.0,5.39140954359253
22.3925,12.272626737803748
69.91,42.46294161825132
88.625,91.12617676298234
109.7575,113.39899563536488
109.455,118.45490214928516
103.59,105.32049988847587
101.64,95.098903875211
98.4925,89.35055563840679
99.96,84.36073092716926
88.92,81.476288213468
82.5025,67.49942174816265
78.28,67.39913025913262
74.3525,65.1854874596262
70.44,62.14985372238837
63.23,57.90068186422879
60.885,53.29605902303682
68.865,54.491907541193854
81.9675,63.375647768607415
40.1425,71.32825367057802
-0.05,22.33183892634935
-1.275,-15.349930635618477
-3.235,-10.416844661805271
-2.94,-5.392298136692645
-2.1025,-4.422934196760892
-2.0,-0.3622918291736852
0.725,15.592737168617418
68.7525,34.85601037934776
123.91,103.5698399635462
136.7275,141.32387597321474
136.7325,129.22879958008585
137.2525,119.45858148324339
122.725,114.23193367796686
106.2375,99.73547120945358
95.635,83.30051893823273
76.13,72.94716912481842
76.255,74.71050619815739
71.58,77.84998522450209
73.3275,74.944468574307
75.4125,76.15769091766529
76.655,80.10574303250354
93.77,87.21927089368887
134.45,105.54324853743213
116.855,123.41311790951798
44.8975,83.34258754346742
7.55,14.812784251430145
0.0,-6.807809941027941
0.0,5.40865146899408
0.0,7.639016364726885
7.505,15.293254117687354
80.185,29.91822645151602
212.7025,116.78387631778946
267.0875,230.087665230541
266.615,251.42004190502908
239.0,226.67685681687107
205.2425,196.70290871029863
177.9825,166.8587391976291
141.5375,146.30555235063053
126.4125,121.08779708237805
104.84,111.78998309877474
104.02,100.82219386506475
100.9525,104.02518801135112
101.8425,102.84813392192444
92.545,102.58741176648854
102.15,94.94013611098966
105.1,108.05537422596551
129.57,117.46616295570777
147.2775,127.38606023064264
94.5025,122.02324652813157
83.9425,63.459864768666364
81.565,57.905295303412146
56.985,66.00143807139925
49.88,51.131986969380186
68.6675,53.383132426517946
89.7375,86.87173129989988
121.225,127.66941680193102
290.305,161.0328699918116
132.17,291.1046351423453
165.1825,130.6959556264777
146.4875,148.987992734592
128.0275,140.8231930371736
112.005,113.7026036922123
97.355,98.7805230878383
83.275,80.58361670250531
84.725,77.6505265107418
69.5275,79.47948294077815
83.0725,67.39167537592654
83.8075,77.57913412350746
85.7025,80.2218833578704
89.7075,83.16117675059652
112.235,93.18638885695664
84.295,108.16098752343484
70.0,68.21458236288859
68.0975,52.36184343120369
12.3925,56.86788168497709
26.18,12.057277507450237
51.905,33.51211915240539
87.1175,65.99992489866749
62.815,97.81114372132876
108.3925,83.35947843811185
195.41,146.7599987620404
195.0,193.6887175968916
187.2775,177.7944511842312
154.3225,156.56737228065936
99.715,123.46044749169982
96.325,77.76210351900141
88.4675,81.19167948085456
67.0075,74.28544062763066
78.02,60.548345684340305
82.685,69.87002978343499
79.8175,75.52109024374205
78.04,70.75377215411405
81.91,69.98382932460254
83.7175,79.37576321177482
112.725,87.65481271229243
103.1725,104.4261293711147
101.54,88.45986473053918
97.925,81.67598404892745
89.895,73.57078086373319
89.4025,73.63738285338493
90.985,79.7698519438429
89.795,90.97950838234271
93.4025,91.79368922224484
138.5775,105.8424005056639
150.1875,159.6869803911505
141.3525,163.82409307212887
135.7225,145.196410421307
134.0525,133.7701714270068
120.995,121.54344940806271
105.6475,107.42810514896358
91.2275,90.40556987708892
72.475,75.26073423246916
86.5475,69.53971178740821
71.655,84.86123556040876
72.03,70.23920296784493
79.8925,69.16123042750263
74.835,78.66275605309177
101.01,77.83983076500552
119.88,108.04517506633461
118.2725,118.15640361673411
105.0825,106.74398078845294
95.7875,89.41421269968362
90.26,78.29868727256695
88.7975,79.58134244497771
88.51,83.86202243145844
85.88,87.84556961908703
97.11,92.02429601070166
118.75,114.97296496615206
137.2475,141.2180770589462
135.245,150.98864834629774
135.895,139.64867791584436
134.67,135.48639827021844
123.87,128.25471803682808
113.1025,113.58452558780112
110.2325,99.85391545564687
93.585,94.3039911838936
96.4025,86.62078625544545
92.5375,89.49605729230291
90.85,87.26959881573572
90.2825,84.89955220590642
91.625,85.00150771549336
97.5375,91.83862371845973
101.555,100.76119166015998
112.93,102.00323688837202
114.8525,101.77991772640372
111.2275,94.06703346948251
105.1,86.07942398129958
102.2125,84.52786318684079
101.51,87.54913245655456
98.5175,91.73677431183376
109.6475,99.91219020160834
121.855,124.82683757976794
142.4875,144.00486743794616
139.9,157.16098521453878
138.4675,146.3331572036725
135.915,139.54652489389917
130.4825,130.899891542018
117.415,121.6188965476334
115.6975,106.42527669974493
102.1375,99.77571365542924
96.68,93.53636471841007
93.4225,88.21317783719563
87.43,85.960500487159
86.0625,80.39058481401574
84.6875,80.40805617985387
90.92,82.42673234014424
94.0225,89.11075133224679
95.6775,86.9204229840905
94.235,77.94759459325829
83.81,70.74966266562637
45.0,60.90900676090746
48.41,31.929810854226403
58.75,42.82511468807259
63.01,57.56203551759056
102.2975,70.86781739899916
110.41,119.1439991716889
125.66,133.37110630091286
127.49,140.94917469558152
129.2175,134.71690805046757
131.05,131.309762432653
129.9075,126.57866908371876
120.725,118.42382282557546
114.13,106.41805920528157
98.5975,93.40170526663394
100.2175,94.89489464922198
99.59,99.09838294456395
96.7025,97.3666544325356
92.4725,94.64031492958168
96.8525,93.34177623921582
105.5725,105.48031078261775
144.985,117.63925793784261
138.6,139.95225962539627
145.71,113.71906173394447
115.785,106.71211920779893
42.0725,75.8772475294488
52.2825,22.752249548246525
69.165,47.91899785112968
102.86,77.07849032357203
148.95,118.76768211899785
162.51,171.7167544774686
253.335,180.81764488193002
217.78,249.41994751275286
238.4325,205.43336573247302
216.29,213.55046434389297
180.7525,192.06149397715146
146.7925,156.73212569516107
130.7775,132.53765618248545
112.9225,123.35403710779195
107.63,115.96549119165093
104.05,115.2397376456401
99.13,113.6644213036619
94.7625,107.88877628854388
97.8975,106.03768537205069
103.2575,114.53329371118575
132.5225,128.11530215053466
137.3,142.63336505625654
132.925,131.45697650516703
94.2025,113.06017097099081
79.3775,71.57573457658033
83.65,69.02389434737866
87.895,85.22350270336437
104.1575,100.14105583675403
135.1,125.52188785106074
150.8925,161.55036507542212
206.25,192.058318491521
188.4275,222.466998557138
173.6275,198.8430153291681
166.64,176.4068397740455
150.265,164.4364285392434
130.02,143.75477901598407
120.1125,123.62636262792265
105.0025,112.81303429442421
104.0375,106.6356711467218
103.6,107.05951148786511
99.7075,106.88224617722429
99.35,101.84565381280319
102.265,102.50680958942733
107.2825,109.45959032261473
144.86,121.37780285287329
183.4825,148.58600286419562
185.6,169.36473485285325
163.92,154.82748936664498
142.44,128.76546513121377
136.9775,119.04701685490727
141.965,123.69468639224064
144.8175,137.62109867273415
173.5025,146.2059893683518
185.48,177.2680842316274
185.4975,197.64650185623512
255.7375,191.44790939272963
202.4125,242.02833826766746
171.66,186.21560226944783
145.19,149.96338743217808
124.26,130.6723192159578
119.4,115.10533362093088
109.28,108.74944417585465
100.29,106.1764326547985
96.1225,100.41236874239853
93.23,96.10129460136743
93.2725,92.61464596316463
97.22,93.29198143964905
104.3225,102.11298417099252
111.665,115.01939810913998
117.6525,121.87785791267021
117.65,122.89650157352985
117.235,115.81129790401488
108.3325,113.36020688385966
104.815,110.38069194643163
118.38,111.41659272358403
116.8225,125.31285532901039
138.495,129.0327700218967
145.7425,152.98711933288217
155.395,162.10313928289798
147.8875,176.22850161799926
145.8725,157.52120145411465
141.005,148.77285639035705
128.97,137.24719848460109
119.0025,120.13423463586531
112.4,109.19142441336675
100.585,100.20310029976311
99.3,95.869901341863
97.485,95.62632250890769
93.8025,92.90001373429675
93.6,87.2232816972198
98.2675,88.21393198905521
104.25,97.59216369804071
125.75,107.95716593778079
143.5075,125.94083021890627
149.7475,136.09836416588922
155.08,134.91731150624082
146.8725,136.29364166959095
155.6275,130.61067193871577
138.31,141.71979458643912
137.955,126.98667783411747
145.3075,133.14595938614866
149.8775,147.8896359585433
152.0975,157.0908318248836
148.845,155.98104053817607
142.0775,149.31165375204182
128.205,140.4193304290147
113.175,123.02614703318343
101.3125,106.76605992040164
96.8975,94.2136202403652
85.92,84.34094744683115
83.2725,80.00451055828331
79.645,77.42128471786879
76.32,74.16942320742983
78.7125,71.81073405848267
81.905,75.95925857326901
85.1,83.51797394898875
92.1675,91.24874287947827
103.58,99.62712355713454
110.885,105.91897848193497
109.45,108.05104737289558
99.885,102.9529287523125
98.1925,100.24274987110037
98.195,101.01222932042975
104.245,104.21873806953158
111.2325,116.18888450899715
118.82,129.46108667260634
127.65,141.453138499811
123.9575,144.86280424178878
122.135,134.57085372782797
121.2625,127.62979669368119
120.1875,121.41044784694706
100.67,114.6092276572329
94.715,93.36852080611534
89.1275,84.98033296833341
86.0725,84.11215503147903
82.615,80.91586933268894
81.74,75.89379598300296
76.105,74.11555618168524
77.7025,69.64007041978779
78.0675,73.9350139783275
81.62,76.61277793935102
86.75,79.54396652253487
88.3425,80.09523982169453
90.94,77.26882673637073
84.015,75.41021796048946
83.575,72.84284290389475
89.705,74.48184649495195
94.0,82.72878871979268
100.1575,94.70231557269605
111.1375,110.29387409887988
114.91,127.80572749972025
108.505,129.00357987665524
109.23,116.85496277093429
113.1,116.11124352184731
111.8875,116.0763812550997
100.605,106.94122889344749
90.61,91.58467158465874
77.0925,78.60528299480225
79.5475,83.26218291291035
79.16,86.98288174562586
72.37,84.751217248162
77.8275,76.28730878911057
78.255,82.18125685110753
84.85,86.82098537888163
104.2975,97.22726865321945
126.6225,107.77361638877534
117.4425,116.58840741493484
109.18,96.52035364960747
92.5,81.79848502017262
85.3975,74.3747129114903
83.7875,75.01403286898368
85.045,85.10746744735654
101.3025,94.96069048117721
105.1025,119.86793678333622
118.9575,129.45507892059905
122.045,135.1507488005716
120.6025,132.98412549284956
122.92,126.52398841978672
118.35,120.7417509888974
104.925,110.22146148778157
100.64,91.86866030052082
89.1575,84.98496964256017
82.82,81.67814011686718
84.61,78.77658827435123
84.2525,79.39326024123284
83.815,79.22529211783194
87.645,79.92377040131043
97.605,90.36736150185982
124.14,105.97578391085675
121.715,124.29136270303873
62.04,105.20179497877587
40.25,43.81443050198224
0.0,30.78630255784755
0.0,9.765483227254194
0.0025,19.526893320768224
53.3925,28.487470847395244
84.61,84.75011233057077
111.19,119.70155418280258
131.8725,142.21078266557126
134.9875,150.62649517022476
136.27,143.6759094587945
137.475,139.25518429550488
125.8,132.4028388240473
120.0425,117.58600145888754
108.21,108.2916364235021
88.0175,96.07030309420884
84.78,85.20641480961051
83.6225,88.37379476227437
81.89,87.48001125273045
83.335,86.04726545364183
85.465,89.80806042347754
94.4875,97.86432856582896
121.4875,113.85673520876847
132.48,129.55198936221387
111.545,114.57971551319056
117.7675,81.9073902870534
45.915,81.45838883085852
46.6,27.814305924950688
75.475,36.41074964475969
97.91,83.54817238726103
95.48,111.77900187747362
127.6,122.03638223886108
136.545,156.46017318677806
137.085,161.6642466492351
137.6575,152.00786549212523
150.585,147.8558195504245
148.605,149.17764270409006
137.0325,139.66564646243302
125.4925,121.4302940891842
107.8075,108.01558668133706
94.4225,99.23339723568634
90.4475,92.48753733692328
88.2925,89.68822140692019
88.2725,89.01251081169316
90.1925,90.47688755416182
104.82,98.85047265870057
122.6925,118.25413308091987
114.005,124.1457036552559
86.56,97.03824160012194
56.095,66.31655434122287
0.0025,34.65613515755791
0.0,-0.7719963530941385
36.8125,16.692787741012808
103.84,61.33411565907873
108.2325,122.52760505380584
128.1,133.9530299007379
140.005,151.41475398321052
133.1425,156.85817576960835
129.75,144.83741191585688
130.2175,140.32593294727616
126.9975,135.77784370847016
118.45,128.51824407436817
108.2575,113.92427284643165
95.865,102.1297027247827
96.19,95.16514679670468
95.4625,99.22060549867854
96.1075,96.90663117775634
95.015,96.56802549014559
94.5375,97.1804181923005
101.3075,103.77828263376506
128.1425,116.76301033272286
131.165,129.81638017190727
134.955,112.52696524282862
110.125,98.42994124549504
78.9725,66.99990884149446
61.165,48.559313725163705
56.1925,46.951304820912554
97.5375,63.35068782569212
111.75,111.51431407219641
130.5675,138.2838137547164
159.3625,156.82567334537322
146.0025,172.87783910315414
134.5625,152.28587320432464
130.0,137.65573636055748
123.59,129.7520952893537
114.85,120.5118080033619
108.265,106.59441200185762
99.87,95.42377990473848
102.09,91.74923760369198
98.025,95.09503941666934
94.4925,88.48344709259894
90.1775,84.88743315630926
90.8225,82.47397005566474
95.755,88.00841138422672
103.05,97.89575620722675
110.9475,102.9384191588523
112.2075,100.29884994377866
79.09,86.68144407017813
85.67,52.901870337933744
84.2575,64.95912460596303
84.35,68.59873203007518
87.6725,76.36547982339222
95.3,90.54390812599875
113.3325,111.72791539166492
121.8,137.27797495649975
122.2375,136.85102670831714
119.9525,129.25143135741843
120.765,123.42157966236636
114.6025,117.9312851976593
106.5375,107.89846959745068
101.7625,96.3198110582199
93.97,90.81595876068526
91.8325,86.80513027348879
91.5675,85.01897837411525
85.75,83.10689353088542
81.8525,76.86186914088967
85.5975,74.68720593223651
86.3725,82.43393966345738
87.3,85.97366595480247
90.455,85.21288031757058
84.61,77.26679174373272
89.0825,62.757304831900804
67.4275,65.74535084291126
83.1775,51.76398124992804
85.2375,67.83257748287602
70.04,73.39505427694702
94.7375,73.11797158793102
105.1,114.77172030909915
117.5225,131.10347755778514
120.5,134.38886476140226
121.71,131.0242141780637
121.3,128.008615551407
113.695,121.3591831415059
103.27,108.80621706249632
97.6025,94.90093560237891
91.43,85.42594155232315
87.365,92.7945263116879
85.095,90.83579690779601
85.1775,87.22772466121421
84.8075,86.63058504417869
87.46,87.52324017374588
103.215,94.72620325118962
155.47,111.41479355801044
159.13,146.151805340885
133.0725,127.22550416623875
125.555,90.63198159498735
67.0775,82.82761228641893
55.7575,45.34828718408032
63.285,48.458407411024154
84.0675,67.40953306074185
92.315,98.42949242378751
151.535,120.60540124605212
174.78,174.80362927672945
180.1225,185.19788187929703
166.0025,177.5579637127609
152.045,157.7662659151037
147.66,142.10306610099636
131.03,135.77598201337253
129.1325,118.50770706282685
107.2875,115.18981642180387
102.8975,101.743484139832
96.9475,102.07250729163724
96.105,98.65253440059828
97.35,98.76665381491918
99.2825,101.40542504118045
127.1625,110.96375420555835
176.0525,144.4558414351735
193.9775,174.1942975158766
138.34,163.0564576890062
94.04,99.74817382378325
79.1375,58.89266937323302
78.71,58.8735214105222
78.5275,70.9314433224844
88.34,82.43584791681477
121.0875,99.19630660329369
170.8425,144.05470633651387
231.59,195.59036657944387
210.0025,235.73727279036478
201.0925,200.03936288613843
172.16,183.15542544886029
139.015,156.99180727454902
120.0025,126.13064112984955
117.2575,113.80448958714385
105.1375,111.4414888380069
104.685,103.99468602185715
97.4675,105.47897089977113
97.1675,98.09738369579715
98.485,97.97009283263704
103.8375,100.3451316896066
104.08,112.95174856482907
135.5975,123.68160446582223
152.86,146.13890300760514
134.0225,135.8226658810545
96.075,100.14518310771369
81.23,65.45063503745018
79.9625,65.04296935787691
80.4525,73.80518416727845
99.755,82.69121385243125
120.3725,113.85375966277545
137.44,152.2326073667089
152.9875,176.83406579458585
153.105,181.04464430453464
182.4175,171.80106381052641
177.0,187.53694038443663
141.265,169.30295818401618
119.7775,129.91010978220362
119.7975,112.61815447185006
110.315,114.73228487362044
109.1,111.4908530679158
106.56,112.31096243531346
97.3975,108.39749232461111
96.595,100.01560288255182
106.4,102.8175672882713
136.3825,117.14904826077047
205.71,149.0049750618666
213.6725,195.87853556539932
135.2025,175.79504099065764
128.9275,88.48537195454303
96.4275,89.00234511156401
95.4775,76.27142850233011
97.6675,83.96813895707686
114.7675,100.05438834793495
127.225,126.76760936421034
208.335,147.4058610773074
275.985,217.56414768513994
245.49,262.4995941108855
262.845,223.2706164548506
255.2475,231.15050417534462
206.65,219.88184975628099
159.14,173.3973711439968
132.155,137.87310133803635
113.9325,121.75150951116032
109.2175,116.20122611469004
106.66,114.27428470859311
104.0925,110.73651882185476
104.9975,106.94703736892923
104.3225,107.84610953555901
113.885,111.36334132525553
147.6125,130.6901803045005
162.5575,155.14302702339623
140.3075,144.4475451836659
127.4925,113.06531611190329
92.85,97.05043446528376
94.645,75.10790302642144
102.2125,86.6580280819001
115.2,106.63565853591759
137.29,126.750801955017
178.4025,162.60676723158497
216.5775,205.88966299174754
154.2925,225.7786945542456
152.66,167.14734921334644
163.6275,165.79133386018526
141.55,172.8585410675963
117.7175,143.07102575742306
116.655,116.80362995477739
111.0175,116.14159457397514
